{
  "page": "Frame n Flow Media | Strategy-First Marketing",
  "url": "https://framenflowmedia.in/",
  "description": "Frame n Flow Media is a strategy-first marketing agency specializing in business intelligence, performance marketing, AI product visuals, and growth systems to scale enterprise partners.",
  "sections": [
    {
      "heading": "Frame n Flow Media | Strategy-First Marketing",
      "content": "Frame n Flow Media is a strategy-first marketing agency specializing in business intelligence, performance marketing, AI product visuals, and growth systems to scale enterprise partners."
    }
  ],
  "note": "This is a client-side rendered React application. For complete content extraction, refer to static documentation files.",
  "staticResources": [
    "https://framenflowmedia.in/llms.txt",
    "https://framenflowmedia.in/ai.json",
    "https://framenflowmedia.in/growth-partner-program.md",
    "https://framenflowmedia.in/growth-partner-info.html"
  ]
}